{"1": {"count": 11, "avg_confidence": 0.7594451308250427}, "2": {"count": 11, "avg_confidence": 0.6426905989646912}, "4": {"count": 1, "avg_confidence": 0.5523489117622375}, "5": {"count": 3, "avg_confidence": 0.4798898696899414}}